peril,n.危险
experienced,adj.有经验的；熟练的
confess,v.承认；坦⽩
murder,n./v.谋杀
mortgage,n.按揭贷款
cite,v.引⽤；列举
account,n.账户；描述 v.认为是
accountable,adj.负责任的
discount,n.折扣
charge,n.收费；控告；掌管；电荷 v.收费；控诉；充电
organism,n.有机体；⽣物体
journalism,n.新闻业
journal,n.杂志；期刊；⽇记
capital,n.资本；⾸都；⼤写字⺟
credit,n.信⽤；信⽤贷款
incredible,adj.难以置信的；极好的
civil,adj.公⺠的；⺠事的
citizen,n.市⺠
civilization,n.⽂明；开化
campaign,n.活动；战役
campus,n.校园
barrier,n.屏障；障碍
squeeze,v.挤；压
aptitude,n.能⼒；天赋
adapt,v.改编；适应
phase,n.阶段；时期
cabinet,n.储藏柜；内阁
blanket,n.⽑毯 adj.总结的
bundle,n.捆；⼀批
sparkle,n.闪烁；活⼒ v.闪耀
startle,v.使惊吓
packet,n.⼩包裹
scenery,n.⻛景；舞台布景
anchor,n.锚 v.抛锚
custom,n.⻛俗；习惯
counter,n.柜台；对⽴⾯ adj.反⾯的 v.反驳
shelter,n.庇护处 v.躲避；保护
hinder,v.妨碍；阻碍
contend,v.声称；主张；竞争
content,n.内容；⽬录 adj.满意的 v.使满意
imply,v .暗示；说明
implicit,adj.含蓄的；内含的
implication,n.可能的影响；暗指；牵涉
flexible,adj.灵活的
debate,n./v .讨论；辩论
declare,v.声明；宣告
detail,n.细节；详情
determine,v.决定；决⼼
devote,v.奉献；专⽤于
devotion,n.奉献；忠诚
decline,v./n.减少；下降
medium,adj.中等的 n.媒介
immediate,adj.⽴即的；⽬前的
intermediate,adj.中间的；中级的
command,v.命令 n.指示；命令
recommend,v.推荐；劝告
minister,n.部⻓；⼤⾂
minor,adj.少数的；次要的；较⼩的
complex,adj.复杂的
prominent,adj.突出的；杰出的
edition,n.版本
editor,n.编辑；编者
radical,adj.激进的；根本的 n.激进分⼦
ample,adj.充⾜的；⾜够的
voyage,v./n.航⾏；航海
bonus,n.奖⾦；红利
migrate,v.迁徙；迁移
migrant,n.移⺠；候⻦
obese,adj.肥胖的；病态肥胖的
bid,v./n.出价；投标；努⼒争取
glory,n.荣誉；光荣
judgement,（亦作 judgment） n.判断； 判决； 意⻅
liquid,n.液体 adj.液体的
diminish,v .减少；降低
delete,v.删除
delighted,adj.⾼兴的；快乐的
deny,v.否定；否认；拒绝
department,n.部⻔；部；司
deposit,v.储存；放置 n.订⾦；存
despite,prep.尽管；不管
domestic,adj.国内的；家庭的；驯养的
partial,adj.部分的；偏袒的
depart,v.离开；出发；启程；离职
departure,n.离开；启程
derive,v.（使）起源；获得 1
deprive,v.剥夺；使丧失
particle,n.粒⼦；微粒
particularly,adv.尤其；特别
circuit,n.环⾏；巡回；电路
circular,adj.圆的；环形的；循环的
circulate,v.循环；流传
extend,v.延伸；扩展
extension,n.延伸；延⻓
extensive,adj.⼴阔的；⼴泛的
comparative,adj.⽐较的；相⽐的
appear,v.出现
appearance,n.外貌；出现
parade,n.游⾏；检阅 v.游⾏
separate,adj.单独的；分开的 v.（使）分开；分离
parallel,adj.平⾏的；相似的
rhythm,n.节奏；韵律
drawback,n.缺点；缺陷；不利条件
graceful,adj.优美的；优雅的；得体的
gratitude,n.感谢；感激
peculiar,adj.奇怪的；特殊的
guidance,n.指导；指引
significance,n.意义；重要性
significant,adj.显著的；重要的
tolerate,v.容许；容忍；允许
tolerance,n.忍受；宽容；忍受
tolerant,adj.容忍的；宽容的
assistance,n.帮助；援助
prohibit,v.禁⽌；阻⽌
prompt,adj.迅速的；⽴刻的 v.促使；导致
propose,v.提议；求婚
protest,v.抗议；反对 n.抗议；反对
provided,conj.在...条件下；假如
provision,n.预备；供应；规定；条款
proclaim,v.宣布；表明
provoke,v.激怒；引起
purchase,v./n.购买
pursue,v.追求；追赶
pursuit,n.追赶；追求；爱好
defeat,v.战胜；击败 n.击败；失败
deceive,v.欺骗；蒙骗
defy,v.反抗；不服从
anxious,adj.焦虑的；急切的
harmony,n.融洽；和谐
harmonious,adj.和谐的；协调的
infect,v.传染；感染
infectious,adj.传染的；有感染⼒的
spacious,adj.宽敞的
conscientious,adj.勤勉认真的；⼀丝不苟的
prosperous,adj.繁荣的；兴旺的
prosperity,n.繁荣；昌盛；兴旺
ambitious,adj.有抱负的；野⼼勃勃的
obvious,adj.明显的；显然的
tedious,adj.冗⻓的；单调乏味的
conscious,adj.意识到的；有知觉的；刻意的
consciousness,n.意识；知觉；观念
despair,n./v.绝望
detective,n.侦探 adj.刑侦的
detect,v.查明；检测
decay,n./v.衰退；腐烂；腐朽
tremendous,adj.巨⼤的；极⼤的
marvelous,adj.令⼈惊异的；了不起的
jealous,adj.妒忌的
numerous,adj.众多的；许多的
poison,n.毒药
poisonous,adj.有毒的；引起中毒的
demonstrate,v.证明；证实
deputy,n.副⼿；代理
continuous,adj.连续不断的；持续的
enormous,adj.巨⼤的；庞⼤的
authority,n.权⼒；权威
aware,adj.意识到的；知道的
ashamed,adj.羞愧的；惭愧的
amuse,v.逗乐；（使）娱乐
deliberate,adj.故意的；不慌不忙的 v.仔细考虑
deliberately,adv.故意；不慌不忙地
award,n.奖品；奖⾦
deteriorate,v.恶化
arise,v.出现；由...引起；上升
arouse,v.唤醒；引起；激起
concept,n.概念；观念
avenue,n.⼤街；林荫道；途径
capable,adj.有能⼒的；能⼲的
occupy,v.占领；占⽤
occupation,n.占领；职业
perceive,v.认为；理解；察觉
reception,n.接待处；招待会；接收
defense,n.防卫；保护；辩护
occasion,n.时机；场合 2
occasional,adj.偶然的；临时的
cable,n.电缆；缆绳；电报
region,n.区域；地区；领域
regulate,v.管理；控制；调整；调节
royal,adj.王室的；皇家的；盛⼤的
bankrupt,adj.破产的 v.使破产 n.破产者
corrupt,adj.贪污的 v.使腐化；使堕落
disrupt,v.扰乱；使中断
interrupt,v.打断；打扰
moral,adj.道德的；道义上的 n.道德；寓意
orbit,v.环绕...运⾏ n.轨道
optimism,n.乐观；乐观主义
antique,n.古董；⽂物 adj.古⽼的；古董的
nourish,v.滋养；养育
inferior,adj.较差的；低等的
optional,adj.可选择的
adoption,n.采⽤；收养
geology,n.地质学；低质
sensible,adj.明智的；意识到的
sensitive,adj.敏感的；灵敏的
consent,n./v.同意；赞成
resent,v.愤恨；怨恨
represent,v.代表；陈述
representative,adj.典型的；有代表性的 n.代表
fraction,n.⼩部分；分数
fragment,n.碎⽚；⽚段
principal,adj.主要的 n.校⻓
principle,n.原则
premier,n.总理；⾸相 adj.⾸要的
preferable,adj.更好的；更合适的
preference,n.偏爱；喜爱
preliminary,adj.预备的；初步的
prejudice,n.偏⻅；成⻅
pretend,v.假装；装作
prevent,v.预防；防⽌
prevail,v.盛⾏；流⾏
precise,adj.精确的；准确的
invade,v.⼊侵；侵略；⼲扰
index,n.索引；指标
indicate,v.表明；暗示
thoughtful,adj.沉思的；周到的；体贴的
considerate,adj.体贴的；体谅的
faithful,adj.忠诚的；如实的
fruitful,adj.成果丰硕的
calendar,n.⽇历；⽇程表
scholar,n.学者
lunar,adj.⽉亮的；阴历的
plentiful,adj.丰富的；众多的
skillful,adj.熟练的；巧妙的
dynamic,n.动⼒；活⼒ adj.充满活⼒的；动⼒的
dramatic,adj.戏剧的
magnetic,adj.磁性的；有吸引⼒的
alcohol,n.酒精
diplomatic,adj.外交的；灵活变通的
idealistic,adj.理想主义的；空想的
strategic,adj.战略的；策略的
ethic,n.道德规范；伦理
pessimistic,adj.悲观的；悲观主义的
romantic,adj.浪漫的
academic,adj.学术的；学院的
characteristic,n.特征 adj.典型的
cubic,adj.⽴⽅的；⽴⽅体的
brochure,n.⼿册；⼩册⼦
assure,v.使确信；确保
ensure,v.保证
insure,v.投保；承保
insurance,n.保险；保险费
panel,n.嵌板；镶板；专家咨询组
punctual,adj.按时的；准时的
input,n./v.输⼊；投⼊
install,v.安装；任命
inclusive,adj.包括的；包容⼴阔的
instant,adj.⽴即的 n.瞬间
instinct,n.本能；天性
institute,n.机构；研究院
insult,v.侮辱；冒犯 n.侮辱；冒犯 [ˈɪnsʌlt]
investigate,v.调查
insane,adj.精神失常的；疯狂的
implement,v.执⾏；贯彻 n.⼯具
impulse,n.冲动；推动⼒ v.推动 adj.⼀时兴起的
inflate,v.（使）充⽓；（使）膨胀
inflation,n.通货膨胀
insight,n.洞悉；洞察⼒
intact,adj.完整的
intake,n.摄取量；摄⼊
intrude,v.闯⼊；侵⼊
irregular,adj.不规则的；⽆规律的
irrigate,v.灌溉；冲洗 3
object,n.物体；⽬标 [əbˈdʒekt]v.反对
oblige,v.迫使；帮忙
obstacle,n.障碍；障碍物
vague,adj.模糊的；不明确的
error,n.错误；差错
miserable,adj.痛苦的；悲惨的
construct,v.建造；修建
structure,n.结构；构造；建筑物
destruction,n.破坏；毁灭
instruction,n.教授；指示；命令
instrument,n.仪器；⼯具；乐器；⼿段
navy,n.海军
navigate,v.导航；航⾏
pump,n.泵 v.⽤泵输送
prescribe,v.开处⽅
artificial,adj.⼈造的；⼈⼯的
privilege,n.特权；优惠
infer,v.推断；推论
vital,adj.⾄关重要的；⽣命的；充满⽣机的
vigor,n.活⼒；精⼒；热情
vigorous,adj.充满活⼒的
vivid,adj.⽣动的；清晰的
enclose,v.围住
exclusively,adv.仅仅；专⻔地
mutual,adj.相互的；共同的
moisture,n.潮⽓；⽔分
moist,adj.潮湿的；湿润的
feature,n.特征；特⾊
procedure,n.程序；步骤
manufacture,v.（⽤机器⼤量）⽣产；制造 n.批量⽣产
restrict,v.限制；限定；约束
stimulate,v.刺激；激励；激发
venture,n.（⻛险的）企业；冒险⾏动 v.敢于去
innovate,v.创新；改⾰
innovation,n.创新；⾰新
innovative,adj.⾰新的；创新的
violate,v.侵犯；违反；违背
delicate,adj.精致的；脆弱的；微妙的
estimate,v.估计；估算
evaluate,v.评估；估价
imitate,v.模仿；仿效
penetrate,v.穿过；渗透
adequate,adj.⾜够的
anticipate,v.预料；预期；期望
candidate,n.候选⼈；应试者
furnish,v.布置家具；提供
furniture,n.家具
pirate,n.海盗；盗版者 v.窃⽤ adj.盗版的
vibrate,v.（使）颤动
coordinate,v.（使）协调；搭配 n.坐标
isolate,v.使隔离；使分离
accelerate,v.（使）加速
justice,n.公正；正义；司法
adjust,v.调整；调节；适应
portion,n.部分；⼀份
petrol,n.汽油
velocity,n.速度；⾼速
integrity,n.完整；诚实；正直
density,n.密度
dense,adj.密集的
elastic,adj.有弹性的；灵活的 n.松紧带
dignity,n.尊严；尊贵；⾼尚
forbid,v.禁⽌；不许；阻⽌
minority,n.少数；少数⺠族
nationality,n.国籍；⺠族
arrange,v.整理；排列；安排
register,v.登记；注册 n.登记簿
joint,adj.联合的；共同的
incline,v.倾向于 n.斜坡
facility,n.设备；设施
penalty,n.惩罚；处罚；刑罚
collaborate,v.合作
collaboration,n.合作
elaborate,adj.精⼼制作的；复杂的；详尽的
multiply,v.乘；倍增
forecast,n./v.预测；预报
foremost,adj.最重要的；最前的
legislate,v.⽴法；制定法律
refrigerator,n.冰箱；冷藏库
ballot,n.投票；投票选举 v.投票
gravity,n.重⼒；地⼼引⼒；严重性
discard,v.丢弃；抛弃
distribute,v.分配
discharge,v.释放；解雇；排放 n.排出（物）
discriminate,v.辨别；歧视
disguise,v./n.伪装；假扮
disgust,n.厌恶；反感 v.使厌恶；使反感 4
integrate,v.（使）合并；融⼊群体
disintegrate,v.瓦解；解体
distress,n.痛苦；悲伤；贫困 v.使悲伤
dispute,n./v.争论；辩论
dilemma,n.（进退两难的）窘境；困境
dioxide,n.⼆氧化物
disobey,v.不服从；违反
distinct,adj.明显的；清楚的
distinction,n.差别；优秀；荣誉
distinguished,adj.卓越的；杰出的
genius,n.天才；天赋；天资
genuine,adj.真的；真诚的
gene,n.基因
abolish,v.废除；废⽌
dispatch,v./n.派遣
absent,adj.缺少的；缺席的；⼼不在焉的
cease,v.终⽌；结束 n.停⽌
proceed,v.继续做；前往；⾏进
procession,n.队伍；（⼈或⻋辆的）⾏列
exceed,v.超出；超过；超越
excess,n.过量；过度 adj.超额的
excessive,adj.过分的；过度的
abuse,v./n.滥⽤；虐待
absorb,v.吸收；吸引；使专⼼
abstract,n.摘要 adj.抽象的 v.提取
solemn,adj.庄严的；严肃的
practically,adv.实际地；⼏乎
pioneer,n.先锋；先驱
routine,n.常规 adj.常规的；⽇常的
marine,adj.海洋的；海运的
ideal,adj.理想的；想象的 n.理想；典范
vehicle,n.⻋辆；⼯具；⼿段
intimate,adj.亲密的 v.透露 n.密友
realistic,adj.现实的；实际的
surge,v./n.激增；涌动
reckon,v.认为；预计；估计
ozone,n.臭氧
display,n./v.展示；陈列
habitat,n.栖息地
inhabit,v.居住于；栖息在
inhabitant,n.居⺠；栖息动物
vertical,adj.垂直的；直⽴的；纵向的
convert,v.（使）转变；（使）皈依
converse,v.交谈；谈话 n.相反的事物
conversation,n.（⾮正式的）谈话；交谈
version,n.版本；样式；说法
confine,v.限制；禁闭
finite,adj.有限的
infinite,adj.⽆限的；极⼤的
define,v.阐明；给...下定义；界定
definition,n.定义
definite,adj.确定的；肯定的
reverse,v.颠倒；反转 adj.相反的
diverse,adj.不同的；多种多样的
successive,adj.连续的；相继的
refine,v.精炼；提纯；改善
refined,adj.精炼的；有教养的
municipal,adj.市政的；城市的
unique,adj.独特的；独⼀⽆⼆的
community,n.社区；社会；社团
commune,n.公社
interval,n.间隔；休息时间
universal,adj.普遍的；通⽤的；全体的；共同的
nuclear,adj.原⼦核的；核能的
superficial,adj.表⾯的；肤浅的
supreme,adj.最⾼的；⾄⾼⽆上的；最重要的
superior,adj.更⾼的；更好的；有优越感的
explode,v.（使）爆炸；爆发
explosion,n.爆炸；激增
intelligent,adj.聪明的；有才智的；智能的
intelligence,n.智⼒；才智；情报
interfere,v.⼲涉；⼲扰；妨碍
interior,adj.内部的 n.内部；内地
interpret,v.解释；说明；⼝译
enterprise,n.企业；事业⼼
entrepreneur,n.企业家
exhaust,v.使筋疲⼒尽；耗尽
exhausted,adj.筋疲⼒尽的；耗尽的
exaggerate,v.夸⼤；夸张
exclaim,v.呼喊；惊叫
execute,v.实施；执⾏；处死
executive,n.主管领导；管理⼈员 adj.⾏政的
explicit,adj.明确的；详述的
extinguish,v.熄灭；消灭；使破灭
exploit,v.利⽤；开采；剥削
exert,v.运⽤；发挥；尽⼒；施加
exhibit,v.展览；展出；表现；显出
reliability,n.可靠性 5
reliable,adj.可靠的
stability,n.稳定（性）；稳固（性）
stable,adj.稳定的；牢固的
fertile,adj.肥沃的；富饶的；可繁殖的
fertilizer,n.肥料
hostile,adj.敌对的；怀敌意的；敌⽅的
restrain,v.约束；管制；抑制
expert,n.专家；⾏家 adj.专业的
expertise,n.专⻓；专⻔技能
prior,adj.先前的；优先的
priority,n.优先；优先权
retail,n./v.零售
recruit,v.招募；招聘
refrain,v.克制
renovate,v.翻新；修复
revenue,n.财政收⼊；税收
remedy,v.改正 n.治疗⽅法；补救措施
rescue,v./n.援救；营救
resort,v.求助；诉诸于 n.度假胜地
reveal,v.揭示；暴露
precaution,n.预防措施
reinforce,v.增援；加强；巩固
refresh,v.使恢复；更新；使想起
restore,v.恢复；归还；修复
retreat,v./n.后退；撤退；躲避
revolt,v./n.反抗；反叛
speculate,v.推测；推断；猜测；投机
respective,adj.各⾃的；各个的
rebel,v.反抗；造反；反叛 n.反叛者 [rɪˈbel]
corporation,n.公司；企业；法⼈
inspect,v.检查；视察；检阅
perspective,n.观点；看法；透视；视⻆
prospect,n.展望；前景；景⾊
specific,adj.明确的；具体的
specialize,v.专攻；专⻔从事
recreation,n.娱乐；娱乐活动
increasingly,adv.⽇益增⻓地；越来越多地
vacant,adj.空的；空缺的；呆滞的
vacuum,n.真空；真空吸尘器 v.⽤真空吸尘器打 扫adj.真空的
vanish,v.突然不⻅；消失
literal,adj.字⾯意义的；⽂字的；完全按原⽂的
decent,adj.体⾯的；得体的；像样的；⾼雅的
inherit,v.继承（遗产）；遗传
dimension,n.维度；⽅⾯
immense,adj.巨⼤的
utilize,v.利⽤；使⽤
utility,n.实⽤；效⽤；公共事业
species,n.物种
decorate,v.装饰；装潢
humble,adj.谦逊的
equality,n.相等；等同；平等
equivalent,adj.等价的；相等的 n.等价物；等量
sequence,n.顺序；次序
consequence,n.结果；后果
consequently,adv.因此；所以
subsequent,adj.随后的；后来的
sympathize,v.同情；⽀持
sympathetic,adj.同情的；赞同的
passion,n 激情；热情；爱好
passionate,adj.狂热的
passive,adj.被动的；消极的
format,n 形式；版式；格式
inform,v.通知；了解
reform,v./n.改良；改⾰
formulate,v.规划；制定；确切表达
federal,adj.联邦的；联盟的
extraordinary,adj.⾮同寻常的
margin,n 边缘；⻚边的空⽩
fluctuate,v.波动；起伏
fluid,n.液体 adj.流动的
fluent,adj.流利的；流畅的
suspend,v.推迟；使暂停；吊；悬
suspect,v.怀疑 n.嫌疑犯
temporary,adj.暂时的；临时的
contemporary,adj.当代的；现代的
tremble,v.颤抖；战栗；焦虑 n.颤抖
terminal,adj.末端的；终点的；晚期的 n.末端
majority,n.多数；⼤多数
collapse,v./n.倒塌；崩溃
colleague,n.同事；同僚
collision,n.碰撞；冲突；抵触
comprise,v.包含；包括；抵触
compromise,v./n.妥协；和解
compact,adj.紧凑的；体积⼩的 n.协议
commence,v.开始；着⼿
comply,v.服从；顺从；遵从；遵守
concrete,adj.实在的；具体的 n.混凝⼟ 6
condemn,v.谴责；指责；判刑
contest,n.竞赛 v.争取赢得
contract,n.合同；契约 v.缩⼩；感染 [kənˈtr(kt]
context,n.上下⽂；背景；环境
conceal,v.隐藏；隐瞒
condense,v.使浓缩；简缩
confirm,v.确认；确定；批准
constitute,v.组成；构成；建⽴；制定
contact,n./v.接触；联系
convey,v.表达；传送
convince,v.使确信；使信服
conflict,n./v.冲突；⽃争
consolidate,v.（使）巩固；（使）强化；（使）合并
contaminate,v.污染；弄脏；腐蚀
council,n.理事会；委员会
coherence,n.⼀致；连贯性
coherent,adj.合乎逻辑的；有条理的
conference,n.会议；讨论会
conscience,n.良⼼；道德⼼
existence,n.存在；⽣活（⽅式）
compel,v.强迫；引起
compulsory,adj.强制性的；必修的；义务的
expel,v.开除；驱逐出境
appeal,v./n.呼吁；上诉；吸引⼒
counsel,n.建议；劝告；法律顾问 v.劝告；建议
consult,v.咨询；请教；协商；查阅
consultant,n.顾问
category,n.种类；类别；范畴
combat,n./v 搏⽃；战⽃
compress,v.压缩；精简
depress,v.使沮丧；使萧条
depression,n.抑郁；萧条期
annual,adj.每年的；年度的 n.年刊
section,n.部⻔；部分；⼀段
segment,n.部分；段 v.分割
liberate,v.解放；释放
liberty,n.⾃由
deliver,v.递送；发表；分娩；接⽣
contradict,v.反驳；与...⽭盾
contrary,adj.相反的；对⽴的 n.相反
contrast,v./n.对⽐；对照
controversy,n.争论；辩论
reproduce,v.繁殖；⽣殖；复制；使再⽣
transmission,n.传递；传播
mission,n.任务；使命；使团
commission,n.委员会；佣⾦
omit,v.省略；删掉；遗漏
dismiss,v.解雇；遣散；解散；驳回
commit,v.犯罪；承诺
committee,n.委员会；全体委员
settlement,n.定居点；解决；结算；移⺠
supplement,v./n.补充；增补
installment,n.分期付款
conduct,v.组织；指挥；引导 n.⾏为举⽌
shortage,n.不⾜；缺少；短缺
drain,v.排空；流出 n.下⽔道；排⽔管
drainage,n.排⽔；排⽔系统
beverage,n.饮料
arbitrary,adj.随意的；专横的
boundary,n.分界线；边界
elementary,adj.基本的；初级的
monetary,adj.货币的；⾦融的
voluntary,adj.⾃愿的；志愿的
acute,adj.⼗分严重的；急性的；灵敏的
hospitable,adj.好客的；适宜的
injection,n.注射；注⼊
reject,v.拒绝
catalogue,（亦作 catalog） n.⽬录；⽬录册
sponsor,n.赞助商 v.赞助
correspond,v.相符合；⼀致；通信
corresponding,adj.符合的；相应的
decade,n.⼗年
aggressive,adj.有进取⼼的；挑衅的；侵略的
congress,n.代表⼤会；国会；议会
resign,v.辞职
mount,v.登上；增加
sacrifice,v.牺牲；祭献 n.牺牲；祭品
accord,v.符合；给予 n.协议；条约
accordance,n.符合；⼀致
accordingly,adv.相应地；照着；因此
enthusiasm,n.热情
enthusiastic,adj.热情的
logic,n.逻辑
logical,adj.符合逻辑的；合乎情理的
embrace,v.拥抱；包括
emphasize,v.强调；重读；重视
encounter,v./n.遭遇；遇到 7
endure,v.忍受；容忍
enforce,v.强制实施；强制执⾏；强迫
engage,v.从事；吸引；聘⽤；交战
entitle,v.给予（某⼈）权利；给...题名
envy,v./n.忌妒；羡慕
entry,n.⼊⼝；进⼊；登记；条⽬
enlighten,v.启发；开导；阐明
enroll,（亦作 enrol）v.注册；登记；加⼊
property,n.财产；资产；性质
feasible,adj.可⾏的
tangible,adj.有形的；实际的；可触摸的
intangible,adj.⽆形的；难以形容的
administer,v.管理；执⾏
advocate,v.提倡；⽀持 n.⽀持者；拥护者
accumulate,v.积累
acquaint,v.使熟悉；使了解
acquaintance,n.熟⼈
accuse,v.控告；指控；谴责
appetite,n.⻝欲；胃⼝；欲望
approximate,adj.近似的
acknowledge,n.承认；感谢
approach,v.接近 n.⽅法
attribute,v.把...归因于 [ˈ(trɪbjuːt] n.属性
arrest,v./n.逮捕
annoy,v.使恼怒；使⽣⽓
asset,n.资产；有⽤的⼈或物
evident,adj.明显的；显然的
evidence,n.证据；证明
visible,adj.可⻅的
invisible,adj.看不⻅的；⽆形的
vision,n.视⼒；视野
devise,v.发明；设计；想出
revise,v.修订；修改；复习 n.校订
witness,n.⽬击者；证⼈ v.⽬击
summit,n.最⾼点；⾸脑会议；峰会；顶峰
assume,v.假定；承担；呈现
democracy,n.⺠主；⺠主政体
democratic,adj.⺠主的
ultimate,adj.最后的；最终的；终极的
disturb,v.扰乱；打扰；妨碍；使不安
frontier,n.边境；边疆；边界
confront,v.⾯对；对抗
withdraw,v.撤回；退出；收回；提；取
withstand,v.承受；经受住
evolution,n.进化；演化；发展
volume,n.卷；册；量；体积；⾳量
revolution,n.⾰命；旋转
circumstance,n.条件；环境；状况
opponent,n.对⼿；反对者；竞争者
oppose,v.反对；反抗
synthetic,adj.综合的；合成的；⼈造的 n.合成物
symptom,n.症状；征兆
resemble,v.像；与...相似
assemble,v.集合；装配
capacity,n.容量；能⼒
static,adj.静⽌的；静态的 n.静电
status,n.地位；身份；状况
stadium,n.体育场；运动场
statistic,n.统计数据；统计学（statistics）
estate,n.庄园；地产；财产；遗产
instance,n.例⼦；实例；事例
insist,v.坚持；坚持要求
consist,v.由...组成
resist,v.抵抗；反抗
resistance,n.反对；抵抗
resistant,adj.抵抗的；抗...的
sightseeing,n.观光；游览
surrounding,adj.周围的
calculating,adj.精明的；有⼼计的；精于计算的
imposing,adj.令⼈印象深刻的；壮观的
regarding,prep.关于
concerning,prep.关于；涉及
sophisticated,adj.⻅多识⼴的；⽼练的；复杂巧妙 的
advanced,adj.先进的；⾼等的；⾼级的；年⽼的
steady,adj.稳定的；稳固的
sticky,adj.黏性的；棘⼿的
guilty,adj.羞愧的；内疚的
greedy,adj.贪婪的；贪吃的
rational,adj.合理的；理性的
irrational,adj.不合理的
faulty,adj.有错误的；有缺陷的
slippery,adj.滑的；油滑的
dictate,v.⼝述；命令；使听写 n.命令；规定
dictation,n.听写；⼝述
predict,v.预测；预⾔
initiate,v.开始；发起
initial,adj.最初的；开始的 8
initiative,n.倡议；⾃发性；主动性
ambition,n.雄⼼；抱负
veteran,n.⽼兵；⽼⼿
fate,n.命运
fatal,adj.致命的；灾难性的
flame,n.⽕焰；热情 v.燃烧；发怒
phenomenon,（复数 phenomena）n.现象
foundation,n.基础；地基；基⾦会
fund,n.基⾦；资⾦
fundamental,adj.基础的；基本的；根本的
alternative,adj.供选择的；可替代的 n.可供选择 的事物
underline,v.强调；在...下划线
undergo,v.经历；遭受
undertake,v.承担；从事；承诺
jury,n.陪审团；评委会
injure,v.伤害；损害；损伤
injury,n.伤害；损伤
rigid,adj.严格的；僵硬的；刚硬的
valid,adj.有效的；正当的
acid,adj.酸的；酸性的 n.酸
splendid,adj.辉煌的；极佳的；壮丽的；豪华的
compatible,adj.兼容的；和睦共处的；志趣相投的
neutral,adj.中⽴的；中性的
conventional,adj.传统的；依照惯例的
typical,adj.典型的
arrival,n.抵达；到达
proof,n.证明；证据 adj.防...的
waterproof,adj.防⽔的 n.防⽔⾐物；⾬⾐ v.使防⽔
reputation,n.名誉；名声
resolution,n.决议；决⼼；解决
resolve,v.解决；决⼼
temptation,n.诱惑；引诱
vocation,n.职业；⼯作；使命感
cooperation,n.合作；协助
frustration,n.挫败；沮丧
pension,n.养⽼⾦；退休⾦；补助⾦ v.发给...养⽼⾦
invasion,n.⼊侵；侵略
institution,n.机构；制度；习俗
cohesion,n.结合；凝聚性；内聚⼒
conjunction,n.连词；结合
convention,n.习俗；惯例；⼤会；公约
constitution,n.宪法；章程；体质；构造
consumption,n.消耗；消费
combination,n.组合；联合
submit,v.呈递；提交；服从
substantial,adj.⼤量的；牢固的
substitute,n.代替者；替代品 v.⽤...代替 adj.替代 性的
substance,n.物质；实质
subject,n.主题；学科；实验对象 adj.可能受...的影 响 v.使⾂服；使遭受
lessen,v.减少；减轻
strengthen,v.加强；增强
broaden,v.（使）变宽；（使）扩⼤
maiden,n.少⼥ adj.⾸次的
submarine,adj.⽔下的；海底的 n.潜⽔艇
submerge,v.淹没；潜⼊⽔中
conquer,v.征服；克服
conquest,n.征服；克服
threaten,v.威胁；恐吓
fasten,v.系牢；扎牢
enquire,（亦作 inquire）v.询问；打听；调查
enquiry,（亦作 inquiry）n.询问；调查；探索
essence,n.本质；实质；精髓
essential,adj.基本的；必要的；极其重要的
permanent,adj.永久的；⻓久的
persist,v.坚持；执意
persuade,v.劝说；说服
persevere,v.坚持
perseverance,n.毅⼒；韧性
preserve,v.保护；维持；保存
reserve,v.预定；保留
deserve,v.值得；应受
observe,v.观察；看到
conserve,v.节约；保护
conservative,adj.保守的 n.保守的⼈；保守党
mislead,v.误导
criticize,v.批评；指责；评论
criticism,n.批评；评论
critical,adj.批判的；极其重要的
crisis,（复数 crises）n.危机；危难时刻
criterion,（复数 criteria）n.标准
casual,adj.漫不经⼼的；⾮正式的；偶然的
indifferent,adj.漠不关⼼的
dissolve,v.使溶解；解除；消除
awesome,adj.令⼈惊叹的；很好的 9
modest,adj.谦虚的；适中的；朴素的
moderate,adj.适中的；温和的 v.缓和
commodity,n.商品；有⽤之物
accommodate,v.提供住宿；容纳
accommodation,n.住处；住宿
miracle,n.奇迹
marvel,n.奇迹 v.感到惊奇
sew,v.缝制；缝纫
pilot,n.⻜⾏员 v.驾驶 adj.试验性的；试点的
label,n.标签；标记 v.贴标签于...
blend,v.混合；融合 n.混合体
pitch,n.球场；⾳调 v.投；掷
tame,adj.驯服的；温顺的 v.驯化；驯服
pray,v.祷告；祈祷
claim,v./n.宣称；声称；索取
digest,v.消化；领会 n.摘要；⽂摘
loan,n.贷款；借出 v.借出
slender,adj.纤细的；苗条的
grave,n.坟墓 adj.严重的；严肃的
grand,adj.宏伟的；壮丽的；总结的
chief,adj.主要的；⾸席的
former,adj.以前的 n.模型
latter,adj.后者的；后⾯的
shift,v./n.移动；改变
ceremony,n.典礼；仪式
patch,n.补丁；眼罩；⼩⽚ v.修补；缝补
steer,v.驾驶；⾏驶；引导；控制
damp,adj.潮湿的；微湿的 n.潮湿；湿⽓
creep,v.爬⾏；匍匐；蔓延
scratch,v./n.搔；抓；划伤
seal,n.密封；印章；海豹 v.密封
rent,v.租⽤ n.租⾦
stir,v./n.搅拌；搅和 n.震动
blank,adj.空⽩的 n.空⽩
whisper,n.⽿语；谣传 v.⽿语；低语
spill,v.（使）溢出；蜂拥⽽出 n.溢出（量）
float,v.浮动；漂浮
plunge,v.暴跌；骤降 n.暴跌；猛降
glimpse,v.瞥⻅ n.⼀瞥
pack,v.包装；（把...）打包 n.包裹；捆；⼩盒；⼀伙
court,n.法院；法庭；球场；宫廷
pierce,v.刺穿；穿透
trial,n.审讯；试验；考验
trail,n.痕迹；⼩径 v.跟踪；拖；拉
recognize,v.识别出；承认
recognition,n.认出；承认
loyal,adj.忠诚的；忠贞的
loyalty,n.忠诚；忠实
dizzy,adj.头晕⽬眩的；眩晕的
crash,v./n.碰撞；撞击
sincere,adj.真诚的；诚挚的；诚实的
sincerely,adv.真诚地；诚实地
famine,n.饥荒
choke,v./n.窒息；阻塞
mineral,n.矿物；矿物质
favor,n./v.赞同；喜爱 v.有利于
echo,n.回声；反响 v.发出回声
stretch,v./n.伸展；张开；延伸
glance,n.⼀瞥 v.瞥⼀眼；浏览
grant,v.授予；允许；承认 n.拨款；补助⾦
pattern,n.模式；⽅式；范例；图案
poem,n.诗
poetry,n.诗集；诗歌
poet,n.诗⼈
nuisance,n.讨厌的⼈或⾏为；麻烦事
fancy,n.幻想；想象⼒；喜欢；爱好 v.想要；认为
layout,n.布局；安排
debt,n.债务；⽋款
shiver,v./n.颤抖；哆嗦
brief,adj.简短的；简洁的；短暂的
organ,n.器官；机构；管⻛琴
organic,adj.有机的
board,n.板；董事会；伙⻝;膳⻝ v.登上（船、⻋、⻜机）； 寄宿
switch,n.开关；电闸；转变 v.转变；改变；转换
formula,n.公式；⽅程式；配⽅
world-wide,adj.遍及全世界的
queue,n.队列 v.排队；排队等候
neglect,n./v.忽略；忽视
string,n.线；绳；⼀串 v.系；悬挂
fuel,n.燃料 v.（给...）提供燃料；加油；加剧
steel,n.钢铁；钢 adj.钢制的
melt,v.使融化；使熔化
cope,v.应付
thorough,adj.彻底的；全⾯的 872.keen [kiːn] adj.热衷的；强烈的；敏锐的；锋利的 10
tidy,adj.整洁的；整⻬的 v.整理；使整⻬
balance,n.平衡；余额 v.保持平衡
utter,adj.完全的；彻底的 v.说出；讲
vast,adj.巨⼤的；⼤量的；巨额的；⼴阔的
era,n.时代；年代；纪元
scatter,v.撒播；撒；驱散 n.散落
tense,adj.紧张的；绷紧的 v.拉紧 n.时态
tension,n.紧张；拉紧；张⼒
intense,adj.强烈的；激烈的
intensive,adj.加强的；集中的
craft,n.⼯艺；⼿艺；⻜⾏器
spur,n./v.刺激；⿎舞
swear,v.发誓；宣誓；咒骂；说脏话
dash,v.猛冲；使...破灭 n.破折号；少量
harsh,adj.严厉的；恶劣的；粗糙的
hollow,adj.空的；空⼼的；凹陷的；虚伪的
raw,adj.⽣的；未加⼯的；原始的
strategy,n.战略；策略
coarse,adj.粗的；粗糙的；粗俗的
deficit,n.⾚字
soak,v./n.浸泡
dump,n.垃圾场 v.倾倒；倾销
facilitate,v.促进；促使
flesh,n.⾁；⽪肤；果⾁
bound,adj.必然的；有义务的；受约束的 n.界限；跳跃 v.捆绑；跳跃
elite,n.精英 adj.精英的
elect,v.选举
welfare,n.福利；幸福
sorrow,n.悲伤
sorrowful,adj.悲伤的
drag,v.拖；拽
faculty,n.天赋；能⼒；系；院；全体教职⼈员
nevertheless,adv./conj.然⽽；不过；尽管如此
split,v.分裂；分开；分⼿
cultivate,v.耕作；培养
foster,v.促进；培养；领养 adj.寄养的
hazard,n.危险；危害
hazardous,adj.危险的；有害的
severe,adj.严重的；严厉的；恶劣的；严峻的
trap,n.陷阱；圈套 v.陷⼊困境；捕捉
agriculture,n.农业
sway,v./n.摇动；摇摆；影响
device,n.装置；设备；⽅法；⼿段
ripe,adj.成熟的；时机成熟的
wander,v.徘徊；漫步；游荡
cast,v.投；扔；抛
diagnose,v.诊断
diagnosis,n.诊断；判断
compose,v.组成；创作；使镇静
composition,n.构成；作品；作⽂
component,n.成分；部件
compound,n.化合物 adj.复合的 v.混合；恶化
impose,v.把...强加于；强制实⾏
expose,v.暴露；揭露
exposure,n.⾯临；暴露；揭发
dispose,v.布置；安排
luxury,n.奢侈；奢华
luxurious,adj.奢侈的
notion,n.观念；概念；理解
discipline,n.纪律；训练；科⽬ v.训练；惩罚
filter,v.过滤 n.过滤器
blast,n.爆炸；突如其来的强劲⽓流 v.炸毁；爆破
postpone,v.推迟；延迟；延期
delay,v./n.延迟；延期
guarantee,n./v.保证；担保
launch,v.发射；发起；发⾏
identical,adj.相同的
transfer,v./n.转移；搬迁
transmit,v.传输；输送；传染
transit,n.运输；通过；交通运输体系
transition,n.过渡；转变
transaction,n.交易；办理
transparent,adj.透明的；显⽽易⻅的
clarify,v.阐明；澄清
classify,v.把...分类
identify,v.确认；认出；鉴定
modify,v.修饰；修改；缓和
specify,v.具体说明；明确指出
verify,v.核实；查证
crucial,adj.关键性的；⾄关重要的
cruise,v.巡游；巡航 v./n.乘船游览
currency,n.货币；通⽤
curriculum,n.课程
amateur,n.业余爱好者 adj.业余的
technique,n.技巧；技能；技术
accurate,adj.精确的；准确的
overcome,v.战胜；克服；解决 11
overlook,v.忽视；检查；俯瞰 n.从⾼处能看到的景 1003.dominant [ˈdɒmɪnənt] adj.占优势的；占⽀配地位的 ⾊ 1004.defect [ˈdiːfekt] n.缺陷；缺点
incentive,n.激励；动机；刺激
liable,adj.有责任的；很可能发⽣的
considerable,adj.相当⼤（或多）的
applicable,adj.适当的；可应⽤的
application,n.应⽤；申请；应⽤程序
available,adj.可获得的；有空的
remarkable,adj.引⼈注⽬的；⾮凡的
remark,v./n.评论
invaluable,adj.⾮常宝贵的；⽆价的
inevitable,adj.不可避免的；必然发⽣的
indispensable,adj.不可缺少的
virtually,adv.实质上；事实上；⼏乎
emerge,v.出现；浮现；暴露；摆脱
emergence,n.出现；发⽣；浮现
emergency,n.紧急情况；突发事件 adj.紧急的
emit,v.发出；射出；散发（光、热、声⾳、⽓等）
emission,n.排放物；排放；（光、热、⽓等的）散发
eliminate,v.排除；消除；淘汰
effective,adj.有效的；起作⽤的
efficient,adj.有效率的
evaporate,v.蒸发；挥发；消失
erect,v.建⽴；竖⽴；创⽴ adj.直⽴的；垂直的
evolve,v.发展；进化
ratio,n.⽐率；⽐例
manner,n.⽅式；举⽌；礼貌
manipulate,v.操作；操纵
illustrate,v.阐明；说明
comprehend,v.理解
comprehension,n.理解⼒
comprehensive,adj.综合性的
urban,adj.城市的；城镇的；都市的
rural,adj.乡村的；农村的
awkward,adj.令⼈尴尬的；笨拙的
commerce,n.商业；商务
commercial,adj.商业的 n.⼴告
merchant,n.商⼈
origin,n.起源；开端
original,adj.原来的；⾸创的
orient,v.朝向；⾯对；确定⽅向；适应
oriental,adj.东⽅的；东⽅⼈的 n.东⽅⼈
dominate,v.⽀配；占有优势
deficient,adj.不⾜的；有缺陷的
sufficient,adj.⾜够的；充分的
possess,v.拥有；具有（品质或能⼒）
possession,n.拥有；个⼈财产
settle,v.解决；安排；定居
reside,v.居住在
residence,n.住处；住宅
resident,n.居⺠ adj.居住的
assess,v.评定；估价
constant,adj.不断的；恒定的
consistent,adj.⼀致的；连续的
violent,adj.暴⼒的；猛烈的
urgent,adj.急迫的；紧急的
innocent,adj.⽆辜的；清⽩的；⽆罪的
ingredient,n.部分；原料
reluctant,adj.不情愿的；勉强的
relevant,adj.相关的
territory,n.领⼟；领域
rotate,v.旋转；轮流
automatic,adj.⾃动的
automate,v.⾃动化
betray,v.出卖；背叛；泄露；辜负
motivate,v.激励；激发；成为...的动机
motivation,n.动机；动⼒
merit,n.优点；⻓处；功绩
remote,adj.遥远的；偏僻的；远程的 n.远程
accustom,v.使习惯于；使适应
variable,n.变量 adj.多变的；易变的
addition,n.增加；加法
additional,adj.额外的；附加的
maintain,v.保持；维持；维修
retain,v.保持；保留
attain,v.达到；获得
contain,v.包含；容纳
entertain,v.娱乐；招待
sustain,v.保持；维持（⽣命、⽣存）
obtain,v.获得；得到
continent,n.⼤陆；洲
allege,v.断⾔；宣称
alleged,adj.声称的；涉嫌的
gradual,adj.逐渐的；逐步的
manual,adj.⼿⼯的；⼿动的 n.说明书 12
enhance,v.提⾼；增强
bacteria,n.（bacterium 的复数）细菌
virus,n.病毒
trigger,n.扳机 v.引发；触发
negotiate,v.谈判；协商
ban,v./n.禁⽌
cater,v.提供饮⻝服务；迎合
clash,v./n.冲突；争论
curb,v./n.抑制；控制
therapy,n.治疗；疗法
tough,adj.坚强的；艰难的；艰苦的
tackle,v.处理；应付
element,n.元素；要素
mend,v.修理；修补
coincidence,n.巧合
trace,n.痕迹 v.追踪；追溯
issue,n.争论的问题 v.公布；发⾏
swallow,n.燕⼦ v.公布；发⾏
leap,v.跳；跃 n.跳跃；敌意
hatred,n.仇恨；憎恨；敌意
evil,adj.坏的；邪恶的 n.邪恶；祸害
undermine,v.逐渐削弱；破坏；暗中损害
highlight,v.强调；彰显 n.亮点；最精彩的部分
feedback,n.反馈
framework,n.框架；结构；体制
fulfill,v.履⾏；满⾜；完成；实现
headline,n.标题；新闻提要 v.给...加标题
farewell,n.告别；欢送
headquarters,n.司令部；总部
copyright,n.版权；著作权
counterpart,n.职位（或作⽤）相当的⼈；对应 的事物
harness,v.利⽤；控制；给...上挽具
tragedy,n.悲剧；惨事；惨案
wreck,n.失事；残骸 v.破坏；毁坏
equip,v.装备；配备；使有能⼒
draft,n.草稿；草案 v.起草；草拟
masterpiece,n.杰作；代表作；名著
haste,n.急速；急忙；草率
mercy,n.仁慈；慈悲；恩惠
mercifully,adv.（不幸中）幸运地；仁慈地
item,n.条款；⼀条；项⽬
straightforward,adj.简单的；易懂的；坦率的
guideline,n.指导⽅针；指南；准则
boast,v.夸耀；吹嘘 n.⾃夸；夸耀
strike,v.撞击；罢⼯；突然想到
strive,v.努⼒；奋⽃
crude,adj.天然的；粗略的；粗鲁的
rouse,v.激起；使振奋；唤醒
chill,v.（使）变冷；使感到害怕 n.寒冷；害怕 adj.寒冷的
rear,n.后部；背⾯；臀部 adj.后⾯的 v.抚养；饲养
worship,n.礼拜；崇拜 v.崇拜；爱慕
horizon,n.地平线；眼界；视野
horizontal,adj.⽔平的
twist,v.扭曲；扭伤；拧 n.扭曲；转动
sting,v./n.刺；刺痛
fade,v.（使）褪⾊；淡出；逐渐消失
rival,n.对⼿；竞争者 v.竞争
fierce,adj.凶猛的；猛烈的；激烈的；强烈的
grasp,v.抓紧；抓住；理解 n.掌握；理解（⼒）
dull,adj.呆滞的；迟钝的；⽆聊的；暗淡的；阴暗的
swell,v.肿胀
weave,v.编织
mature,adj.成熟的 v.成熟
fatigue,n.疲劳；劳累
bold,adj.⼤胆的；英勇的；醒⽬的；粗体的；冒失的
slide,v.滑动；下滑；衰落 n.幻灯⽚；滑动；滑梯
render,v.提供；翻译；表达；回报
earnest,adj.认真的；真诚的；诚挚的
ease,n.容易；安逸 v.缓和；减轻
schema,n.计划；阴谋 v.密谋
somehow,adv.由于某种原因；不知怎么地
breed,n.品种 v.繁殖；养育；引起
banknote,n.钞票；纸币
thrive,v.兴旺；繁荣；旺盛
vain,adj.徒劳的；⾃负的；⽆结果的
well-off,adj.富裕的
spoil,v.破坏；溺爱
idle,adj.空闲的；闲散的；懒散的；⽆⽤的
realm,n.领域；范围；王国
clue,n.线索；提示
stuff,n.东⻄；材料 v.装；填；塞
swing,v.摇摆；转向；转动 n.秋千；摇摆
crack,n.裂缝；缝隙 v.（使）破裂
virtue,n.美德；德⾏；优点
gap,n.缺⼝；差距；间隔
brilliant,adj.明亮的
gross,adj.总的；粗鲁的；严重的；令⼈恶⼼的 13
crush,v.压碎；压坏
forthcoming,adj.即将发⽣的
triumph,n.胜利；成功 v.战胜
old-fashioned,adj.陈旧的；过时的；守旧的
durable,adj.耐⽤的；持久的
regret,v.后悔；对...感到遗憾 n.懊悔
blind,adj.盲的；瞎的；盲⽬的；未察觉的
relation,n.关系；联系；亲戚
burst,v.（使）爆裂；猛冲；突然出现 n.突发；裂⼝
scream,v.尖叫；⾼声喊；呼啸⽽过 n.尖叫
bright,adj.明亮的；聪明的；鲜艳的
rough,adj.粗糙的；粗略的；粗暴的；恶劣的；艰难的
drought,n.⼲旱；旱灾
secretary,n.秘书；⼲事；⼤⾂
edge,n.边缘；优势
bench,n.⻓凳；条凳；⼯作台
wine,n.酒；葡萄酒
basin,n.盆；洗脸盆；盆地；流域
wheel,n.轮；⻋轮
wound,n.（身体或⼼灵上的）伤；伤⼝
valley,n.流域；⼭⾕；溪⾕
sink,v.（使）下沉 n.⽔池；⽔槽
area,n.区域；地区；范围；⾯积
type,n.类型；典型 v.打字
soil,n.⼟壤；⼟地
south,n.南⽅；南部 adj.南的 adv.在南⽅；向南⽅
southwest,n.⻄南⽅ adj.⻄南的 adv.往⻄南；来 ⾃⻄南
southern,adj.南的；南⽅的 n.南；南⽅ adv.在南⽅
southeast,n.东南；东南地区 adj.东南的 adv.来⾃ 东南
prisoner,n.囚犯
wedding,n.婚礼
tip,n.尖端；末端；建议；⼩费
ordinary,adj.平常的；平凡的
coal,n.煤；煤块
period,n.阶段；时期；经期
wheat,n.⼩⻨
century,n.世纪；百年
dawn,n.黎明；拂晓；开端
republic,n.共和国；共和政体
bias,n.偏⻅；偏爱 v.使有偏⻅；使偏向
dove,n.鸽⼦；温和派⼈物
gas,n.煤⽓；⽓体；汽油；天然⽓
dust,n.灰尘；尘⼟；粉末
block,n.⼤块；街区；⼤楼；障碍物 v.堵住；拦截
crop,n.庄稼；作物；收成 v.剪裁；剪短
downstairs,adv.在楼下；往楼下 n.楼下
ahead,adv.在前；向前；预先；领先
devil,n.魔⻤；撒旦；淘⽓⻤
gossip,n.流⾔蜚语；闲聊 v.说三道四
forest,n.森林；森林地带
among,prep.在...中间；...之⼀
fork,n.餐叉；叉；岔⼝
cave,n.⼭洞；洞⽳；窑洞
chimney,n.烟囱；裂缝
north,n.北；北⽅ adj.北⽅的 adv.向北
northern,adj.北⽅的；北部的
northwest,n.⻄北 adj.位于⻄北的 adv.向⻄北
northeast,n.东北 adj.位于东北的 adv.向东北
honest,adj.诚实的；正直的；坦率的
equipment,n.装备；设备；配备
scold,v.训斥；责骂
geography,n.地理；地理学；地形
further,adv.更远地；此外 adj.更多的
remove,v.以移开；搬⾛；脱掉
mouse,n.⽼⿏；耗⼦
pale,adj.苍⽩的；浅⾊的；微弱的；暗淡的
native,adj.本地的；⼟著的 n.本地⼈
cage,n.笼；⻦笼
peasant,n.农⺠
theory,n.理论；原理
medal,n.奖章；勋章
tin,n.锡；罐；罐头
shore,n.岸；滨
anyhow,adv.尽管如此；随便地
anyone,pron.任何⼈
anybody,pron.任何⼈
anything,pron.任何事物
anyway,adv.⽆论如何；反正；尽管如此；⾄少
anywhere,adv.⽆论何处；在任何地⽅
strength,n.⼒量；毅⼒实⼒；⻓处
wise,adj.明智的；充满智慧的；英明的
peer,n.同龄⼈ v.盯着看；端详
enemy,n.敌⼈；仇敌
below,prep.在...下⾯；低于
collar,n.⾐领；项圈 v.抓住
political,adj.政治的；党派的 14
cow,n.⺟⽜；奶⽜ v.恐吓；胁迫
gather,v.聚集；集合 v.收集
quarrel,n./v.争吵
cheque,n.⽀票
goose,n.鹅
ham,n.⽕腿
natural,adj.⾃然界的；天然的；天⽣的；正常的
pan,n.平底锅；秤盘
scent,n.⾹味；⽓息；察觉 v.嗅出；察觉出
noble,adj.贵族的；⾼尚的；宏伟的
ought,aux./v.应当；应该
sheet,n.被单；纸张；薄板；⼀张；⼀⼤⽚
neat,adj.整洁的；简洁的；纯的
pure,adj.纯粹的；纯的
melon,n.⽠；甜⽠
heaven,n.天堂；极乐世界；天空
tailor,n.裁缝 v.订做
silver,n.银；银币；银器；银⾊ adj.银⾊的
tobacco,n.烟草；烟叶；烟草制品
spirit,n.精神；⼼灵；灵魂；志⽓
indeed,adv.真正地；的确；其实；实际上
shrink,v.（使）缩⼩；（使）收缩；缩⽔；退缩
land,n.陆地；⼟地；地区 v.使降落；使着陆
willing,adj.乐意的；⾃愿的
pile,n.堆 v.堆叠
thick,adj.厚的；粗的；浓密的；粘稠的
mode,n.⽅式；模式；状态
pork,n.猪⾁
cruel,adj.残忍的；残酷的
root,n.根；根源；根基 v.⽣根
escape,v./n.逃跑；漏出
fare,n.⻋费；船费 v.进展
forge,v.伪造；锻造；稳步前进
cheese,n.乳酪；⼲酪
percent,n.百分⽐；百分之...
cotton,n.棉；棉花；棉线；棉布
depth,n.深；深度
fault,n.缺点；过失；故障
pity,n.同情；怜悯；遗憾 v.同情
communism,n.共产主义
communist,n.共产主义者 adj.共产主义的
advance,n./v.前进；（使）进展 adj.事先的
mad,adj.疯的；⽓愤的；极愚蠢的；痴迷的
freeze,v.（使）冻结；冷藏；（使）结冰
brush,n.刷⼦；⽑刷；画笔；灌⽊丛 v.刷；涂
fridge,（亦作 refrigerator）n.电冰箱
quarter,n.四分之⼀；⼀刻钟；季度
fellow,n.男⼈；家伙；伙伴；同事
exhibition,n.展览；表现；展览会
headache,n.头痛；令⼈头痛的事
row,n.排；吵架；纠纷；⼤的噪⾳ v.吵架
scarce,adj.缺乏的；稀少的 adv.⼏乎不；简直不
harvest,n.收获；收成 v.收割；捕猎
greeting,n.问候；招呼；致敬；迎接
greet,v.问候；招呼；迎接；对...作出反应
labour,（亦作 labor）n.劳动；⼯作；劳⼯
mirror,n.镜⼦；写照 v.反映
modern,adj.现代的；近代的；新式的
nut,n.坚果；螺⺟
elegant,adj.优雅的；⽂雅的
square,n.平⽅；⼴场；正⽅形 adj.平⽅的；正⽅ 形的
operate,v.操作；运营；运转；动⼿术
machine,n.机器；机械装置
shallow,adj.浅的；肤浅的；弱的
twin,n.双胞胎中⼀⼈ adj.双胞胎的；成双的
ladder,n.梯⼦；阶梯
whereas,conj.然⽽；但是；尽管
international,adj.国际的
penny,n.（英）便⼠；（美）分
scene,n.情景；景象；场⾯；⽚段
increase,v.增加；（使）增加；（使）增⻓
hole,n.洞；孔；眼；巢⽳；漏洞
garage,n.⻋库；汽⻋修理⼚
fond,adj.喜爱的；温情的
destroy,v.破坏；毁坏
energy,n.活⼒；精⼒；能源；能量
bother,v.麻烦；打扰 n.麻烦；困难
above,prep.在...上⾯；超过 adv.在...上⾯ adj.上述的
honour,（亦作 honor）n.荣幸；尊敬；敬意 v.尊敬
seek,v.寻找；谋求；试图
medical,adj.医学的；医疗的
wipe,v.擦；拭；抹；消除
midday,n.中午；正午
roof,n.屋顶；顶部
quantity,n.数量；⼤量
exist,v.存在；⽣存 15
generation,n.⼀代；⼀代⼈；产⽣
refer,v.谈及；查阅；参考；提交
dialogue,n.对话；对⽩
cream,n.奶油；乳脂；奶油⾊
bone,n.⻣头；⻣骼；⻣质
deed,n.⾏为；⾏动；契约；证书
bury,v.埋葬；葬 n.埋葬
cent,n.分；分币
coast,n.海岸；海滨
inch,n.英⼨；少量；短距离
envelope,n.信封
handkerchief,n.⼿帕；纸⼱
regular,adj.定期的；经常的 n.常客
model,n.模型；模范；模特⼉ v.做模型 adj.模范的
pleasure,n.愉快；快乐；乐事；满⾜；娱乐
pot,n.锅；壶；罐
length,n.⻓；⻓度；⼀段；篇幅
plain,adj.清楚的；朴素的；平凡的；坦诚的 n.平原
nail,指甲；趾甲；钉 v.钉牢
sweater,n.⽑绒⾐；针织衫
patent,n.专利权 adj.明显的；有专利的 v.获得专利权
treasure,n.珠宝；财富；宝物 v.珍视；珍藏
shade,n.阴凉处；遮光物；暗部 v.为...遮阳
tale,n.故事；传说
branch,n.树枝；分⽀；⽀路 v.分开；分岔
bush,n.灌⽊；灌⽊丛；荒野
laboratory,（亦作 lab）n.实验室；研究所
shelf,n.架⼦；搁板；⼤陆架
Internet,n.互联⽹；因特⽹
within,prep.在...之内 adv.在内部
temper,n.脾⽓；怒⽓；情绪 v.使缓和；使温和
soldier,n.军⼈；⼠兵；战⼠
prison,n.监狱；监禁
medicine,n.药；医学
sort,n.种类；分类 v.整理；妥善处理
throughout,prep./adv.贯穿；遍及；到处
sweep,v.扫；打扫；扫过
seize,v.抓住；逮捕；夺取
otherwise,adv.否则；要不然；另外
pleasant,adj.令⼈愉快的；友好的；可喜的
needle,n.针；编制针；指针；松针；针头
proper,adj.正确的；恰当的；合乎体统的
mouth,n.嘴；⼝；出⼊⼝
sail,n.帆；船 v.航⾏
hatch,v.孵出；孵化；策划 n.舱⼝；舱⻔
flow,v.流动；流通 n.流动；流畅
peach,n.桃⼦；桃红⾊ adj.桃红⾊的
fist,n.拳头
lip,n.嘴唇；边沿
seed,n.种⼦；籽；萌芽；起源
particular,adj.特殊的；特定的；挑剔的
mailbox,n.邮筒；信箱；电⼦邮箱
code,n.密码；道德准则；法典 v.为...编码
boil,v.（使）沸腾；煮沸；烧开
district,n.区；地区；区域
cottage,n.村舍；⼩屋
hereby,adv.特此；以此
jail,n.监狱 v.监禁
sketch,v.画素描；概述 n.素描；⼩品；概述
thought,n.思想；思考；想法；关⼼
stair,n.楼梯
iron,n.铁；熨⽃ v.熨；烫平 adj.坚强的
tap,n.⽔⻰头 v.轻敲；轻拍；轻叩；开发
upward,adj.向上的；上升的 adv.向上
tight,adj.紧的；牢固的；绷紧的；严厉的
surface,n.表⾯；表层；外观
physics,n.物理学
sight,n.视⼒；视觉；情景；景点
path,n.路径；⼩道；道路
narrow,adj.狭窄的；狭隘的；勉强的
ceiling,n.天花板；顶棚；上限
accept,v.接受；忍受；同意
diet,n.饮⻝ v.节⻝
pledge,v.正式承诺；使保证 n.保证；誓⾔
servant,n.仆⼈；佣⼈；职员
metal,n.⾦属
phrase,n.短语；词组；成语；惯⽤语
telegram,n.电报
steak,n.⽜排；⾁排；⻥排
ski,v.滑雪
technical,adj.技术的；⼯艺的；专业的
puzzle,n.谜；智⼒游戏；难题 v.迷惑；使困惑
spoon,n.匙；勺⼦；⼀匙的量
pearl,n.珍珠
upstairs,adv.在楼上；往楼上 adj.楼上的 n.楼上
thief,n.⼩偷；贼
pipe,n.管⼦；管道；烟⽃；管乐
broad,adj.宽阔的；⼴泛的；概括的；辽阔的 16
port,n.港；港⼝；港⼝城市
opposite,adj.对⾯的 n.队⾥的⼈（物） prep.在...对⾯
heat,n.热；温度 v.变热；加热
pupil,n.学⽣；⼩学⽣；⻔徒；瞳孔
saw,n./v.锯
fair,adj.公平的；公正的；适当的 n.集市
click,v.点击；（使发出）咔嗒声
goat,n.⼭⽺
dozen,n.⼗⼏个；⼀打；许多
castle,n.城堡
camp,n.营地；兵营 v.宿营
equal,adj.相等的；平等的；能胜任的
cock,n.公鸡；雄禽
blame,v.责怪；把...归咎于 n.责任
dial,v.拨号；拨（电话号码） n.表盘；刻度盘
chaos,n.混乱；杂乱；紊乱
hack,v.砍；劈；⾮法侵⼊ n.砍；雇佣⽂⼈
slave,n.奴⾪ v.苦⼲
tongue,n.⾆头；语⾔；说话⽅式
tire,v.（使）疲劳；疲倦 n.轮胎
bitter,adj.苦的；痛苦的；怨恨的；严寒的
button,n.纽扣；按钮；徽章 v.⽤纽扣扣上
hall,n.⻔厅；过道；⾛廊
drown,v.淹死；溺死；淹没
cell,n.细胞；⼩房间；牢房
party,n.聚会；党；党派
wage,n.⼯资；⼯钱
flight,n.航班；⻜⾏；逃避
fence,n.栅栏；障碍物
affair,n.事情；事件；暧昧关系
chalk,n.粉笔
bend,v.（使）倾斜；弯曲；弯腰
cough,n./v.咳嗽
chain,n.链；链条；⼀连串 v.⽤锁链拴
operation,n.操作；⼿术；运算；⾏动；运转
throw,v.投；抛；掷；扔
slip,v.滑倒；脱落；下降；溜⾛；陷⼊
disk,（亦作 disc）n.磁盘
league,n.同盟；联盟；联合会；级别；⽔平
corn,n.（英）⾕物；（美）⽟⽶
fetch,v.拿来；请来；接来；卖得
haul,v.拖；拉；⽤⼒缓慢挪动到 n.⼤批赃物
situation,n.形势；情况；位置
Olympic,adj.奥林匹克运动会的
poll,n.⺠意测验；计票；投票数 v.获得（票数）
haunt,v.出没；难以忘却 n.常去的场所
church,n.教堂；礼拜堂；礼拜；教派
dare,v./aux.敢；胆敢 n.挑战；激将
broadcast,n.⼴播 v.播送；散布
solid,adj.固体的；结实的；可靠的 n.固体
altogether,adv.全部地；完全地；总共；总⽽⾔ 之
bite,v.咬；叮；咬饵；上钩
obey,v.服从；遵守
plough,n.犁 v.犁；耕
edit,v.编辑；校订；剪辑；主编 n.编辑
quality,n.质量；品质；特性
fever,n.发烧；发热；激动不安
presently,adv.不久；⽬前
plantation,n.种植园；⼈造林
attic,n.阁楼；顶楼
bulletin,n.新闻简报；公告
discrimination,n.歧视；辨别；区别；识别
marsh,n.沼泽；湿地
pine,n.松树；松⽊ v.悲伤；难过
breadth,n.宽度；阔度；⼴泛
route,n.路线；途径
marathon,n.⻢拉松赛跑；⻢拉松式的活动
ash,n.灰；灰烬；⻣灰
brandy,n.⽩兰地（酒）
lid,n.盖⼦
brag,v.吹嘘；夸耀
column,n.柱；⽀柱；圆柱；栏；专栏
boom,n.繁荣；激增 v.繁荣昌盛；轰鸣
rumour,（亦作 rumor）n.谣⾔
tube,n.管；管状物；软管
colony,n.殖⺠地；群；群体
blur,v.（使）模糊不清 n.模糊形状
physicist,n.物理学家
arrow,n.箭；箭头
terror,n.恐怖；惊骇；⼩捣蛋
approval,n.赞成；同意；批准
portable,adj.轻便的；⼿提的；便携式的
trunk,n.树⼲；⼤⾐箱；象⿐；躯⼲
ancestor,n.祖宗；祖先
thunder,n.雷（声） v.打雷；怒吼
imperial,adj.帝国的；（度量衡）英制的 17
jewel,n.宝⽯；珠宝⾸饰；宝⻉
insect,n.昆⾍
knit,v.编织；（使）紧凑
incidence,n.发⽣率；发⽣范围
Christ,n.基督；耶稣基督
Christian,n.基督教徒 adj.基督教的；基督教徒的
infant,n.婴⼉；幼⼉ adj.供婴幼⼉⽤的；初期的
troublesome,adj.令⼈烦恼的；引起麻烦的
indication,n.迹象；表示；表明
pillar,n.柱⼦；核⼼；⽀柱
industrialize,v.（使）⼯业化
indirect,adj.间接的；迂回的
gang,n.帮；⼀伙；⼀群
thumb,n.拇指 v.示意要求搭⻋
decoration,n.装饰；装饰品
fuss,n.⼤惊⼩怪；⼤发牢骚 v.过分关⼼；瞎忙活
deck,n.甲板；舱⾯；层⾯ v.装饰
portrait,n.肖像；描绘
funeral,n.葬礼；丧礼
theoretical,adj.理论（上）的
customs,n.海关；关税
operational,adj.操作上的；可使⽤的
operator,n.操作⼈员；接线员；经营者
frost,n.霜；严寒天⽓；冰冻（期） v.（使）结霜
database,n.资料库；数据库
rope,n.粗绳；绳索 v.⽤绳捆
trim,adj.整⻬的；苗条的 v./n.修剪；装饰（物）
freight,n.货运；货物 v.货运
crown,n.王冠；冕；花冠；桂冠；冠军
ministry,n.（政府的）部；神职；牧师职位
clay,n.粘⼟；泥⼟
fortunately,adv.幸运地
thrust,v.插；刺；猛推 n.插；戳；推⼒；要点
claw,n.⽖；脚⽖；蝥
flock,n.群；⼀⼤群 v.群集；聚集；蜂拥
basically,adv.基本上；从根本上说
banquet,n.宴会
classification,n.分类；分级；类别；等级分类法
zone,n.地区；区域
explosive,adj.易爆炸的；猛增的；暴躁的 n.炸药
beard,n.胡须；络腮胡⼦
pad,n.垫；⽖垫；便笺本 v.填充；轻步⾏为
experimental,adj.实验性的；试验性的
belly,n.腹部；肚⼦ v.隆起；⿎起
trifle,n.琐事；有点⼉；稍微
mainland,n.⼤陆
aside,adv.在旁边；撇开 n.旁⽩
marshal,n.元帅；司仪；执⾏官 v.安排
chop,v.砍；劈；切碎；削减；降低
revolutionary,adj.⾰命的 n.⾰命者
exceedingly,adv.⾮常；极其
Bible,n.基督教的《圣经》
naturally,adv.⾃然地；天然地；⼤⽅地
altitude,n.海拔；⾼度；⾼处
emperor,n.皇帝
mystery,n.神秘（性）；神秘的事物；悬疑（故事）
ridiculous,adj.荒谬的；可笑的
lord,n.贵族；上帝；（尊称）⼤⼈；阁下
alley,n.⼩街；⼩巷；胡同
parcel,n.包裹；邮包；⼀块地
philosopher,n.哲学家
elbow,n.肘；肘部 v.⽤肘推
psychological,adj.⼼理的；⼼理学上的
psychology,n.⼼理学；⼼理
mushroom,n.蘑菇 v.迅速发展；快速增⻓
loop,n.圈；环；循环；环线
alert,adj.警惕的；机敏的 n.警戒 v.使警觉
yawn,v.打哈⽋ n.哈⽋
dusk,n.傍晚；⻩昏
muscle,n.肌⾁；体⼒；影响⼒
lobby,n.⼤厅；游说（团体） v.游说
drawer,n.抽屉；开票⼈；出票⼈
multiple,adj.多个的；多种的
treaty,n.条约；协议；协定
liquor,n.烈酒
quotation,n.报价；引⽤；引⽂
donkey,n.驴；笨蛋
mop,n.拖把；墩布 v.⽤布擦掉；⽤拖把擦⼲净
likewise,adv.同样地；也
dirt,n.尘⼟；污物；污垢
resume,v.重新开始
lick,v.舔 n.少量
noticeable,adj.显⽽易⻅的；显著的
dialect,n.⽅⾔；⼟语；地⽅话
restless,adj.坐⽴不安的；不耐烦的
leisure,n.空闲；闲暇 adj.空闲的；闲暇的 18
normally,adv.通常地；正常地；平常地
wrist,n.⼿腕；腕关节
costly,adj.昂贵的；价钱⾼的；代价⾼的；损失⼤的
religious,adj.宗教的；虔诚的
lease,n.租约 v.出租；租⽤
nonsense,n.胡说；废话；愚蠢的⾏为
cop,n.警察 v.遭受；抓住
lane,n.（乡间）⼩路；跑道；泳道；⻋道；⼩巷
nightmare,n.噩梦；可怕的事物
commander,n.司令官；指挥官
proportional,adj.成⽐例的；相称的
landlord,n.地主；房东；店主；业主
undergraduate,n.⼤学本科⽣
chew,v.咀嚼；嚼碎
visa,n.签证
parliament,n.议会；国会
knot,n.绳结；痉挛 v.把...打成结
underneath,prep.在...下⾯；在...底下
champagne,n.⾹槟酒
vitamin,n.维⽣素；维他命
hence,adv.因此；由此
upper,adj.上⾯的；较⾼的
unconscious,adj.不省⼈事的；⽆意识的
bunch,n.串；束；扎 v.（使）打褶；（使得）变紧
wicked,adj.邪恶的；淘⽓的
hell,n.地狱；苦难的经历；该死
utmost,（亦作 uttermost）adj.最⼤的；极度的 n.极 限
priest,n.牧师；神⽗；祭司
bully,n.横⾏霸道者 v.恐吓；伤害；胁迫
worm,n.蠕⾍；可怜⾍
pea,n.豌⾖
hardware,n.硬件；设备；⼯具
viewpoint,n.观点；意⻅；⻆度
bullet,n.枪弹；⼦弹；弹丸
troop,n.⼀群⼠兵；群 v.成群地⾛
platform,n.平台；站台；讲台；纲领
hardship,n.艰难；困苦
mechanical,adj.机械（驱动）的；机械般的
paste,n.酱；糨糊；⾯团 v.粘贴
budget,n.预算 v.把...编⼊预算 adj.价格低廉的
oval,adj.卵形的；椭圆的 n.椭圆形；卵形
gulf,n.鸿沟；分歧；隔阂
measurement,n.测量；尺⼨
buddy,n.朋友；同伴
outer,adj.远离中⼼的；外⾯的
grin,v./n.咧着嘴笑
maximum,n.最⼤量（值） adj.最⼤量（值）的
bubble,n.泡 v.冒泡；沸腾；充满
ounce,n.盎司；⼀点点
grief,n.悲伤；悲痛⼼事；忧虑
mat,n.⼩地毯；垫⼦
bang,n.巨响；猛击 v.猛敲；猛摔
governor,n.主管；董事；总裁
Marxist,n.⻢克思主义者 adj.⻢克思主义的
bandage,n.绷带 v.⽤绷带包扎
oral,adj.⼝头的；⼝腔的 n.⼝试
goodness,int.天哪 n.善良；美德；精华
trash,n.垃圾；劣质品 v.捣⿎
baggage,n.⾏李
relativity,n.相对论；相对性
ghost,n.⻤；⻤魂；记忆
trademark,n.商标；特征；标记
badge,n.徽章；标记；象征
rat,n.⽼⿏；卑鄙⼩⼈
germ,n.细菌；微⽣物；萌芽；胚胎
toss,v.扔；抛；投；颠簸
auxiliary,adj.辅助的；备⽤的
ridge,n.脊；⼭脉；垄
railroad,n.铁路 v.迫使...做
generator,n.发电机；发⽣器；电⼒公司
tunnel,n.隧道；坑道；地道
torch,n.⽕炬；⽕把；⼿电筒
authentic,adj.真正的；可靠的
moreover,adv.⽽且；此外
rag,n.破布；抹布
forum,n.论坛；讨论会
paw,n.⽖ v.⽤⽖；抓
token,n.代币；象征 adj.装样⼦的
attorney,n.律师
throat,n.咽喉；喉咙
racial,adj.种族的；⼈种的
oven,n.烤箱
microphone,n.话筒；⻨克⻛；传声器
microscope,n.显微镜
microwave,n.微波炉
